"store","websites","attribute_set","type","category_ids","sku","has_options","name","meta_title","meta_description","image","small_image","thumbnail","url_key","url_path","country_of_manufacture","gift_message_available","price","special_price","weight","msrp","gift_wrapping_price","is_recurring","visibility","description","short_description","meta_keyword","custom_layout_update","special_from_date","special_to_date","news_from_date","news_to_date","custom_design_from","custom_design_to","qty","min_qty","use_config_min_qty","is_qty_decimal","backorders","use_config_backorders","min_sale_qty","use_config_min_sale_qty","max_sale_qty","use_config_max_sale_qty","is_in_stock","low_stock_date","notify_stock_qty","use_config_notify_stock_qty","manage_stock","use_config_manage_stock","stock_status_changed_auto","use_config_qty_increments","qty_increments","use_config_enable_qty_inc","enable_qty_increments","is_decimal_divided","stock_status_changed_automatically","use_config_enable_qty_increments","product_name","store_id","product_type_id","product_status_changed","product_changed_websites","page_layout","options_container","msrp_enabled","msrp_display_actual_price_type","gift_wrapping_available","parcelas","status","tax_class_id","custom_design","image_label","small_image_label","thumbnail_label","volume_comprimento","volume_altura","volume_largura"
"admin","base","Default","simple","2,351,352","PF001",0,"Placa Fotoluminescente Extintor - Modelo Universal - PF001",,,"/e/n/PF001.jpg","/e/n/en019.jpg",,"produto-252","produto-252.html",,"Não","8.0000","5.0000","0.3000",,,"Não","Catálogo, Busca","Placa fotoluminescente para identificação de extintores de incêndio - Modelo Universal.

Durabilidade: - Uso Interno: 24 meses;  - Uso Externo: 12 meses;

Disponível nas medidas de: 19 x 19 cm; 30 x 30 cm

Material: PVC Fotoluminescente
","Placa fotoluminescente para identificação de extintores de incêndio - Modelo Universal.

Durabilidade: - Uso Interno: 24 meses;  - Uso Externo: 12 meses;

Disponível nas medidas de: 19 x 19 cm; 30 x 30 cm

Material: PVC Fotoluminescente
","placa; fotoluminescente; extintor;",,"2014-10-20 00:00:00",,,,,,"509.0000","0.0000",1,0,0,1,"1.0000",1,"1000.0000",0,1,,"0.0000",1,1,1,0,1,"0.0000",1,0,0,0,1,"Placa Fotoluminescente Extintor - Modelo Universal - PF001",0,"simple",,,"Nenhuma atualização de disposição (layout)","Bloco após Coluna de Informações","Use config","Use config","Não",6,"Ativado","Nenhum","","","","","","",""
"admin","base","Default","simple","2,352","PF002",0,"Placa para Abrigo de Mangueira - PF002",,,"/e/n/PF002.jpg",,,"produto-253","produto-253.html",,"Não","8.0000","5.0000","0.3000",,,"Não","Catálogo, Busca","Placas fotoluminescente de identificação de equipamentos. 

Durabilidade: - Uso Interno: 24 meses; - Uso Externo: 12 meses;

Disponível nas medidas: 19 x 19 cm; 30 x 30 cm;

Material: PVC Fotoluminescente","Placas fotoluminescente de identificação de equipamentos. 

Durabilidade: - Uso Interno: 24 meses; - Uso Externo: 12 meses;

Disponível nas medidas: 19 x 19 cm; 30 x 30 cm;

Material: PVC Fotoluminescente","Placa; hidrante; fotoluminescente;",,"2014-10-20 00:00:00",,,,,,"945.0000","0.0000",1,0,0,1,"1.0000",1,"1000.0000",0,1,,"0.0000",1,1,1,0,1,"0.0000",1,0,0,0,1,"Placa para Abrigo de Mangueira - PF002",0,"simple",,,"Nenhuma atualização de disposição (layout)","Bloco após Coluna de Informações","Use config","Use config","Não",6,"Ativado","Nenhum","","","","","","",""
"admin","base","Default","simple","2,353","PF004",0,"Placa Fotoluminescente Saída de Emergência - Medida 12 x 24 cm - PF004",,,"/e/n/PF004.jpg",,,"produto-255","produto-255.html",,"Não","8.0000","5.0000","1.1000",,,"Não","Catálogo, Busca","Placas fotoluminescente para identificação de saídas de emergência.

Durabilidade: - Uso Interno: 24 meses; - Uso Externo: 12 meses;

Medidas: 12 x 24 cm; 19 x 38 cm; 24 x 48 cm;

Material: PVC Fotoluminescente","Placas fotoluminescente para identificação de saídas de emergência.

Durabilidade: - Uso Interno: 24 meses; - Uso Externo: 12 meses;

Medidas: 12 x 24 cm; 19 x 38 cm; 24 x 48 cm;

Material: PVC Fotoluminescente","Placa; saída; fotoluminescente",,"2014-10-20 00:00:00",,,,,,"893.0000","0.0000",1,0,0,1,"1.0000",1,"1000.0000",0,1,,"0.0000",1,1,1,0,1,"0.0000",1,0,0,0,1,"Placa Fotoluminescente Saída de Emergência - Medida 12 x 24 cm - PF004",0,"simple",,,"Nenhuma atualização de disposição (layout)","Bloco após Coluna de Informações","Use config","Use config","Não",6,"Ativado","Nenhum","","","","","","",""
"admin","base","Default","simple","2,352","PF005",0,"Placa de Coluna - Hidrante (H) - Medida: 30 x 45 cm - PF005",,,"/e/n/PF005.jpg",,,"placa-de-coluna-hidrante","placa-de-coluna-hidrante.html",,"Não","24.0000","18.0000","0.3000",,,"Não","Catálogo, Busca","Placa para utilização em colunas, indicativa de hidrantes.

Durabilidade: - Uso Interno: 24 meses; - Uso externo: 12 meses;

Medidas: 30 x 45 cm

Material: PVC","Placa para utilização em colunas, indicativa de hidrantes.

Durabilidade: - Uso Interno: 24 meses; - Uso externo: 12 meses;

Medidas: 30 x 45 cm

Material: PVC","Placa; Coluna; Hidrante; H;",,"2014-10-20 00:00:00",,,,,,"1000.0000","0.0000",1,0,0,1,"1.0000",1,"1000.0000",0,1,,"0.0000",1,0,1,0,1,"0.0000",1,0,0,0,1,"Placa de Coluna - Hidrante (H) - Medida: 30 x 45 cm - PF005",0,"simple",,,"Nenhuma atualização de disposição (layout)","Bloco após Coluna de Informações","Use config","Use config","Não",6,"Ativado","Nenhum","","","","","","",""
"admin","base","Default","simple","2,354","PF007",0,"Placa Perigo Inflamável - PF007",,,"/e/n/PF007.jpg",,,"produto-257","produto-257.html",,"Não","8.0000","5.0000","0.3000",,,"Não","Catálogo, Busca","Placa indicativa de área de risco pois é inflamável.

Durabilidade: - Uso Interno: 24 meses; - Uso Externo: 12 meses;

Medida: 14 x 19 cm; 19 x 28 cm; 28 x 44 cm;

Material: Chapa de Poliestireno","Placa indicativa de área de risco pois é inflamável.

Durabilidade: - Uso Interno: 24 meses; - Uso Externo: 12 meses;

Medida: 14 x 19 cm; 19 x 28 cm; 28 x 44 cm;

Material: Chapa de Poliestireno","placa; perigo; inflamável; área;",,"2014-10-20 00:00:00",,,,,,"999.0000","0.0000",1,0,0,1,"1.0000",1,"1000.0000",0,1,,"0.0000",1,1,1,0,1,"0.0000",1,0,0,0,1,"Placa Perigo Inflamável - PF007",0,"simple",,,"Nenhuma atualização de disposição (layout)","Bloco após Coluna de Informações","Use config","Use config","Não",6,"Ativado","Nenhum","","","","","","",""
"admin","base","Default","simple","2,353","PF008",0,"Placa Fotoluminescente Porta Corta Fogo - Manter Fechada - Medida 12 x 24 cm - PF008",,,"/e/n/PF008.jpg",,,"produto-258","produto-258.html",,"Não","8.0000","5.0000","0.3000",,,"Não","Catálogo, Busca","Placas fotoluminescente para informações e identificação de porta corta fogo.

Durabilidade: - Uso Interno: 24 meses; - Uso Externo: 12 meses;

Medida: 12 x 24 cm

Material: PVC Fotoluminescente","Placas fotoluminescente para informações e identificação de porta corta fogo.

Durabilidade: - Uso Interno: 24 meses; - Uso Externo: 12 meses;

Medida: 12 x 24 cm

Material: PVC Fotoluminescente","Placa; porta; corta fogo; manter; fechada; fotoluminescente;",,"2014-10-20 00:00:00",,,,,,"922.0000","0.0000",1,0,0,1,"1.0000",1,"1000.0000",0,1,,"0.0000",1,1,1,0,1,"0.0000",1,0,0,0,1,"Placa Fotoluminescente Porta Corta Fogo - Manter Fechada - Medida 12 x 24 cm - PF008",0,"simple",,,"Nenhuma atualização de disposição (layout)","Bloco após Coluna de Informações","Use config","Use config","Não",6,"Ativado","Nenhum","","","","","","",""
"admin","base","Default","simple","2,353","PF011",0,"Placa Fotoluminescente Escada Subindo à Direita - PF011",,,"/e/n/PF011.jpg",,,"produto-259","produto-259.html",,"Não","8.0000","5.0000","0.3000",,,"Não","Catálogo, Busca","Placas fotoluminescente para identificação de rotas de fugas através de escadaria de emergência.

Durabilidade: - Uso Interno: 24 meses; - Uso Externo: 12 meses;

Disponível nas medidas: 12 x 24 cm; 19 x 38 cm; 24 x 48 cm;

Material: PVC Fotoluminescente","Placas fotoluminescente para identificação de rotas de fugas através de escadaria de emergência.

Durabilidade: - Uso Interno: 24 meses; - Uso Externo: 12 meses;

Disponível nas medidas: 12 x 24 cm; 19 x 38 cm; 24 x 48 cm;

Material: PVC Fotoluminescente","placa, fotoluminescente, direita, subida, subindo,",,"2014-10-20 00:00:00",,,,,,"986.0000","0.0000",1,0,0,1,"1.0000",1,"1000.0000",0,1,,"0.0000",1,1,1,0,1,"0.0000",1,0,0,0,1,"Placa Fotoluminescente Escada Subindo à Direita - PF011",0,"simple",,,"Nenhuma atualização de disposição (layout)","Bloco após Coluna de Informações","Use config","Use config","Não",6,"Ativado","Nenhum","","","","","","",""
"admin","base","Default","simple","2,352","PF013",0,"Placa Fotoluminescente Extintor CO2 - PF013",,,"/e/n/PF013.jpg",,,"produto-260","produto-260.html",,"Não","8.0000","5.0000","0.3000",,,"Não","Catálogo, Busca","Placas fotoluminescente para identificação de extintores de incêndio do tipo CO² (Gás Carbônico).

Durabilidade: - Uso Interno: 24 meses; - Uso Externo: 12 meses;

Medidas: 19 x 19 cm; 30 x 30 cm;

Material: PVC Fotoluminescente","Placas fotoluminescente para identificação de extintores de incêndio do tipo CO² (Gás Carbônico).

Durabilidade: - Uso Interno: 24 meses; - Uso Externo: 12 meses;

Medidas: 19 x 19 cm; 30 x 30 cm;

Material: PVC Fotoluminescente","Placa; fotoluminescente; extintor; CO2; gás carbônico;",,"2014-10-20 00:00:00",,,,,,"936.0000","0.0000",1,0,0,1,"1.0000",1,"1000.0000",0,1,,"0.0000",1,1,1,0,1,"0.0000",1,0,0,0,1,"Placa Fotoluminescente Extintor CO2 - PF013",0,"simple",,,"Nenhuma atualização de disposição (layout)","Bloco após Coluna de Informações","Use config","Use config","Não",6,"Ativado","Nenhum","","","","","","",""
"admin","base","Default","simple","2,352","PF014",0,"Placa Fotoluminescente Extintor PQS - PF014",,,"/e/n/PF014.jpg",,,"produto-261","produto-261.html",,"Não","8.0000","5.0000","0.3000",,,"Não","Catálogo, Busca","Placas fotoluminescente para identificação de extintores de incêndio do tipo PQS (Pó Químico Seco).

Durabilidade: - Uso Interno: 24 meses; - Uso Externo: 12 meses;

Medidas: 19 x 19 cm; 30 x 30 cm;

Material: PVC Fotoluminescente","Placas fotoluminescente para identificação de extintores de incêndio do tipo PQS (Pó Químico Seco).

Durabilidade: - Uso Interno: 24 meses; - Uso Externo: 12 meses;

Medidas: 19 x 19 cm; 30 x 30 cm;

Material: PVC Fotoluminescente","Placa; fotoluminescente; extintor; pqs; pó químico seco;",,"2014-10-20 00:00:00",,,,,,"829.0000","0.0000",1,0,0,1,"1.0000",1,"0.0000",1,1,,"0.0000",1,1,1,0,1,"0.0000",1,0,0,0,1,"Placa Fotoluminescente Extintor PQS - PF014",0,"simple",,,"Nenhuma atualização de disposição (layout)","Bloco após Coluna de Informações","Use config","Use config","Não",6,"Ativado","Nenhum","","","","","","",""
"admin","base","Default","simple","2,352","PF015",0,"Placa Fotoluminescente Extintor AP - PF015",,,"/e/n/PF015.jpg",,,"produto-262","produto-262.html",,"Não","8.0000","5.0000","0.3000",,,"Não","Catálogo, Busca","Placas fotoluminescente para identificação de extintores de incêndio do tipo AP (água pressurizada).

Durabilidade: Uso Interno: 24 meses; Uso Externo: 12 meses.

Medida 19 x 19 cm; 30 x 30 cm;

Material: PVC Fotoluminescente","Placas fotoluminescente para identificação de extintores de incêndio do tipo AP (água pressurizada).

Durabilidade: Uso Interno: 24 meses; Uso Externo: 12 meses.

Medida 19 x 19 cm; 30 x 30 cm;

Material: PVC Fotoluminescente","Placa; extintor; AP; água pressurizada; fotoluminescente",,"2014-10-20 00:00:00",,,,,,"885.0000","0.0000",1,0,0,1,"1.0000",1,"1000.0000",0,1,,"0.0000",1,1,1,0,1,"0.0000",1,0,0,0,1,"Placa Fotoluminescente Extintor AP - PF015",0,"simple",,,"Nenhuma atualização de disposição (layout)","Bloco após Coluna de Informações","Use config","Use config","Não",6,"Ativado","Nenhum","","","","","","",""
"admin","base","Default","simple","2,351,353","PF017",0,"Placa Saída Fotoluminescente - PF017",,,"/e/n/PF017.jpg",,,"placa-saida-fotoluminescente-PF017","placa-saida-fotoluminescente-PF017.html",,"Não","8.0000","5.0000","1.1000",,,"Não","Catálogo, Busca","Placa Fotoluminescente para Identificação de Saída.

Durabilidade: - Uso Interno: 24 meses; - Uso Externo: 12 meses;

Medidas: 12 x 24 cm ; 13 x 26 cm;

Material: PVC Fotoluminescente","Placa fotoluminescente para identificação de Saída.
Durabilidade: - Uso Interno: 24 meses; - Uso Externo: 12 meses;
Medidas: 12 x 24 cm",,,"2014-10-20 00:00:00",,,,,,"43.0000","0.0000",1,0,0,1,"1.0000",1,"0.0000",1,1,,"0.0000",1,1,1,0,1,"0.0000",1,0,0,0,1,"Placa Saída Fotoluminescente - PF017",0,"simple",,,"Nenhuma atualização de disposição (layout)","Bloco após Coluna de Informações","Use config","Use config","Não",6,"Ativado","Nenhum","","","","","","",""
"admin","base","Default","simple","2,352","PF018",0,"Placa Fotoluminescente Alarme de Incêndio Medida: 10x15 cm -  PF018 ",,,"/e/n/PF018.jpg",,,"produto-264","produto-264.html",,"Não","8.0000","5.0000","0.3000",,,"Não","Catálogo, Busca","Placas fotoluminescente para identificação de alarmes, botoeiras, centrais.

Durabilidade: - Uso Interno: 24 meses; - Uso Externo: 12 meses;

Medidas: 10 x 15 cm

Material: PVC Fotoluminescente ","Placas fotoluminescente para identificação de alarmes, botoeiras, centrais.

Durabilidade: - Uso Interno: 24 meses; - Uso Externo: 12 meses;

Medidas: 10 x 15 cm

Material: PVC Fotoluminescente ","placa; fotoluminescente; alarme;",,"2014-10-20 00:00:00",,,,,,"987.0000","0.0000",1,0,0,1,"1.0000",1,"1000.0000",0,1,,"0.0000",1,1,1,0,1,"0.0000",1,0,0,0,1,"Placa Fotoluminescente Alarme de Incêndio Medida: 10x15 cm -  PF018 ",0,"simple",,,"Nenhuma atualização de disposição (layout)","Bloco após Coluna de Informações","Use config","Use config","Não",6,"Ativado","Nenhum","","","","","","",""
"admin","base","Default","simple","2,352","PF019",0,"Placa Fotoluminescente Bomba de Incêndio Medida: 10x15 cm - PF019",,,"/e/n/PF019.jpg",,,"produto-265","produto-265.html",,"Não","8.0000","5.0000","0.3000",,,"Não","Catálogo, Busca","Placa Bomba de Incêndio Fotoluminescente.

Durabilidade: Uso Interno: 24 meses; - Uso Externo: 12 meses;

Medidas: 10 x 15 cm

Material: PVC Fotoluminescente","Placa Bomba de Incêndio Fotoluminescente.

Durabilidade: Uso Interno: 24 meses; - Uso Externo: 12 meses;

Medidas: 10 x 15 cm

Material: PVC Fotoluminescente",,,"2014-10-20 00:00:00",,,,,,"995.0000","0.0000",1,0,0,1,"1.0000",1,"1000.0000",0,1,,"0.0000",1,1,1,0,1,"0.0000",1,0,0,0,1,"Placa Fotoluminescente Bomba de Incêndio Medida: 10x15 cm - PF019",0,"simple",,,"Nenhuma atualização de disposição (layout)","Bloco após Coluna de Informações","Use config","Use config","Não",6,"Ativado","Nenhum","","","","","","",""
"admin","base","Default","simple","2,353","PF021",0,"Placa Andares Fotoluminescente - Medida 19x19 cm - PF021",,,"/e/n/PF021.jpg",,,"produto-266","produto-266.html",,"Não","0.0000","0.0000","1.1000",,,"Não","Catálogo, Busca","Placa Fotoluminescente indicativa Andares.

Durabilidade: - Uso Interno: 24 meses; - Uso Externo: 12 meses;

Medida: 19 x 19 cm

Material: PVC Fotoluminescente
","Placa Fotoluminescente indicativa Andares.

Durabilidade: - Uso Interno: 24 meses; - Uso Externo: 12 meses;

Medida: 19 x 19 cm

Material: PVC Fotoluminescente
","Placa; andares; fotoluminescente; indicativa; sinalização;",,,,,,,,"981.0000","0.0000",1,0,0,1,"1.0000",1,"1000.0000",0,1,,"0.0000",1,1,1,0,1,"0.0000",1,0,0,0,1,"Placa Andares Fotoluminescente - Medida 19x19 cm - PF021",0,"simple",,,"Nenhuma atualização de disposição (layout)","Bloco após Coluna de Informações","Use config","Use config","Não",6,"Ativado","Nenhum","","","","","","",""
"admin","base","Default","simple","2,353","PF026",0,"Placa Fotoluminescente Rota de Fuga - Diagonal Superior à Direita - PF026",,,"/e/n/PF026.jpg",,,"produto-315","produto-315.html",,"Não","8.0000","5.0000","0.3000",,,"Não","Catálogo, Busca","Placas fotoluminescente para identificação de rotas de fuga.

Durabilidade: - Uso Interno: 24 meses; - Uso Externo: 12 meses;

Disponível nas medidas: 12 x 24 cm; 19 x 38 cm; 24 x 48 cm;

Material: PVC Fotoluminescente","Placas fotoluminescente para identificação de rotas de fuga.

Durabilidade: - Uso Interno: 24 meses; - Uso Externo: 12 meses;

Disponível nas medidas: 12 x 24 cm; 19 x 38 cm; 24 x 48 cm;

Material: PVC Fotoluminescente","Rota de fuga; Diagonal; direita; fotoluminescente",,"2014-10-20 00:00:00",,,,,,"990.0000","0.0000",1,0,0,1,"1.0000",1,"1000.0000",0,1,,"0.0000",1,1,1,0,1,"0.0000",1,0,0,0,1,"Placa Fotoluminescente Rota de Fuga - Diagonal Superior à Direita - PF026",0,"simple",,,"Nenhuma atualização de disposição (layout)","Bloco após Coluna de Informações","Use config","Use config","Não",6,"Ativado","Nenhum","","","","","","",""
"admin","base","Default","simple","2,351,352,354","PF027",0,"Placa - Emergência Maca - PF027",,,"/e/n/PF027.jpg",,,"produto-297","produto-15479.html",,"Não","14.9900","10.0000","0.3000",,,"Não","Catálogo, Busca","Placas fabricadas em Poliestireno para a indicação de Maca.

Durabilidade: - Uso interno: 24 meses; - Uso Externo: 12 meses;

Medidas: 24 x 12 cm; 

Material: Chapa de Poliestireno","Placas fabricadas em Poliestireno para a indicação de Maca.

Durabilidade: - Uso interno: 24 meses; - Uso Externo: 12 meses;

Medidas: 24 x 12 cm; 

Material: Chapa de Poliestireno","Placa; emergencia; maca",,"2014-10-20 00:00:00",,,,,,"100.0000","0.0000",1,0,0,1,"1.0000",1,"0.0000",1,1,,"0.0000",1,0,1,0,1,"0.0000",1,0,0,0,1,"Placa - Emergência Maca - PF027",0,"simple",,,"Nenhuma atualização de disposição (layout)","Bloco após Coluna de Informações","Use config","Use config","Não",6,"Ativado","Nenhum","","","","","","",""
"admin","base","Default","simple","2,353","PF028",0,"Placa Fotoluminescente Saída com Pictograma para Direita - Medida 19 x 19 cm - PF028",,,"/e/n/PF028.jpg",,,"produto-276","produto-276.html",,"Não","8.0000","6.0000","0.3000",,,"Não","Catálogo, Busca","Placas fotoluminescente com pictograma para a direita com identificação de rota de fuga.

Durabilidade: - Uso Interno: 24 meses; - Uso Externo: 12 meses;

Medida: 19 x 19 cm;

Material: PVC Fotoluminescente","Placas fotoluminescente com pictograma para a direita com identificação de rota de fuga.

Durabilidade: - Uso Interno: 24 meses; - Uso Externo: 12 meses;

Medida: 19 x 19 cm;

Material: PVC Fotoluminescente","Placa; saída; pictograma; direita; fotoluminescente",,"2014-10-20 00:00:00",,,,,,"1000.0000","0.0000",1,0,0,1,"1.0000",1,"1000.0000",0,1,,"0.0000",1,1,1,0,1,"0.0000",1,0,0,0,1,"Placa Fotoluminescente Saída com Pictograma para Direita - Medida 19 x 19 cm - PF028",0,"simple",,,"Nenhuma atualização de disposição (layout)","Bloco após Coluna de Informações","Use config","Use config","Não",6,"Ativado","Nenhum","","","","","","",""
"admin","base","Default","simple","2,353","PF029",0,"Placa Saída de Emergência Sentido á Esquerda - Medida: 12 x 24 cm - PF029",,,"/e/n/PF029.jpg",,,"produto-270","produto-270.html",,"Não","8.0000","5.0000","1.1000",,,"Não","Catálogo, Busca","Placas fotoluminescente para identificação de saídas de emergência.

Durabilidade: - Uso Interno: 24 meses. - Uso Externo: 12 meses;

Medidas: 12 x 24 cm; 19 x 38 cm; 24 x 48 cm

Material: PVC Fotoluminescente","Placas fotoluminescente para identificação de saídas de emergência.

Durabilidade: - Uso Interno: 24 meses. - Uso Externo: 12 meses;

Medidas: 12 x 24 cm; 19 x 38 cm; 24 x 48 cm

Material: PVC Fotoluminescente","placa, fotoluminescente, saída, saida, esquerda, sentido, emergencia",,"2014-10-20 00:00:00",,,,,,"70.0000","0.0000",1,0,0,1,"1.0000",1,"0.0000",1,1,,"0.0000",1,1,1,0,1,"0.0000",1,0,0,0,1,"Placa Saída de Emergência Sentido á Esquerda - Medida: 12 x 24 cm - PF029",0,"simple",,,"Nenhuma atualização de disposição (layout)","Bloco após Coluna de Informações","Use config","Use config","Não",6,"Ativado","Nenhum","","","","","","",""
"admin","base","Default","simple","2,353","PF032",0,"Placa Fotoluminescente Rota de Fuga - Diagonal Inferior à Esquerda - PF032",,,"/e/n/PF032.jpg",,,"produto-284","produto-284.html",,"Não","8.0000","5.0000","0.3000",,,"Não","Catálogo, Busca","Placas fotoluminescente para identificação de rotas de fuga.

Durabilidade: - Uso Interno: 24 meses; - Uso Externo: 12 meses;

Disponível nas medidas: 12 x 24 cm; 19 x 38 cm; 24 x 48 cm.

Material: PVC Fotoluminescente","Placas fotoluminescente para identificação de rotas de fuga.

Durabilidade: - Uso Interno: 24 meses; - Uso Externo: 12 meses;

Disponível nas medidas: 12 x 24 cm; 19 x 38 cm; 24 x 48 cm.

Material: PVC Fotoluminescente","Placa; rota de fuga; diagonal inferior; esquerda; fotoluminescente",,"2014-10-20 00:00:00",,,,,,"995.0000","0.0000",1,0,0,1,"1.0000",1,"1000.0000",0,1,,"0.0000",1,1,1,0,1,"0.0000",1,0,0,0,1,"Placa Fotoluminescente Rota de Fuga - Diagonal Inferior à Esquerda - PF032",0,"simple",,,"Nenhuma atualização de disposição (layout)","Bloco após Coluna de Informações","Use config","Use config","Não",6,"Ativado","Nenhum","","","","","","",""
"admin","base","Default","simple","2,351,356","PF034",0,"Placa Coleta Seletiva Metal - PF034",,,"/e/n/PF034.jpg",,,"placa-coleta-seletiva-metal-PF034","placa-coleta-seletiva-metal-PF034.html",,"Não","8.0000","5.0000","0.3000",,,"Não","Catálogo, Busca","Placa Coleta Seletiva Metal

Sinalização para coleta seletiva e reciclagem de Material Metal.

Durabilidade: - Uso Interno: 24 meses; - Uso Externo: 12 meses

Disponíveis nas medidas: 140 x 190 x 1 mm / 190 x 280 x 1 mm

Material: Chapa de Poliestireno

Acompanhe Nosso Processo de Manutenções Certificado INMETRO
<iframe width=""425"" height=""349"" src=""http://www.youtube.com/embed/7yZC00Ujqdo?rel=0"" frameborder=""0"" allowfullscreen></iframe>","Placa Coleta Seletiva Metal.

Durabilidade: - Uso Interno: 24 meses; - Uso Externo: 12 meses

Disponíveis nas medidas: 140 x 190 x 1 mm / 190 x 280 x 1 mm

Material: Chapa de Poliestireno","placa; coleta;seletiva;metal",,"2014-10-20 00:00:00",,,,,,"100.0000","0.0000",1,0,0,1,"1.0000",1,"0.0000",1,1,,"0.0000",1,0,1,0,1,"0.0000",1,0,0,0,1,"Placa Coleta Seletiva Metal - PF034",0,"simple",,,"Nenhuma atualização de disposição (layout)","Bloco após Coluna de Informações","Use config","Use config","Não",6,"Ativado","Nenhum","","","","","","",""
"admin","base","Default","simple","2,353","PF035",0,"Placa Fotoluminescente Rota de Fuga - Vertical para Baixo - PF035",,,"/e/n/PF035.jpg",,,"produto-313","produto-313.html",,"Não","8.0000","5.0000","0.3000",,,"Não","Catálogo, Busca","Placas fotoluminescente para identificação de rotas de fuga.

Durabilidade: - Uso Interno: 24 meses; - Uso Externo: 12 meses;

Disponível nas medidas: 12 x 24 cm; 19 x 38 cm; 24 x 48 cm

Material: PVC Fotoluminescente","Placas fotoluminescente para identificação de rotas de fuga.

Durabilidade: - Uso Interno: 24 meses; - Uso Externo: 12 meses;

Disponível nas medidas: 12 x 24 cm; 19 x 38 cm; 24 x 48 cm

Material: PVC Fotoluminescente","Rota de fuga; Vertical para baixo; Vertical; fotoluminescente; placa; saída; ",,"2014-10-20 00:00:00",,,,,,"975.0000","0.0000",1,0,0,1,"1.0000",1,"1000.0000",0,1,,"0.0000",1,1,1,0,1,"0.0000",1,0,0,0,1,"Placa Fotoluminescente Rota de Fuga - Vertical para Baixo - PF035",0,"simple",,,"Nenhuma atualização de disposição (layout)","Bloco após Coluna de Informações","Use config","Use config","Não",6,"Ativado","Nenhum","","","","","","",""
"admin","base","Default","simple","2,353","PF036",0,"Placa Fotoluminescente Rota de Fuga - Sentido à Direita - PF036",,,"/e/n/PF036.jpg",,,"produto-317","produto-317.html",,"Não","8.0000","5.0000","0.3000",,,"Não","Catálogo, Busca","Placas fotoluminescente para identificação de rotas de fuga.

Durabilidade: - Uso Interno: 24 meses; - Uso Externo: 12 meses;

Disponível nas medidas: 12 x 24 cm; 19 x 38 cm; 24 x 48 cm;

Material: PVC Fotoluminescente","Placas fotoluminescente para identificação de rotas de fuga.

Durabilidade: - Uso Interno: 24 meses; - Uso Externo: 12 meses;

Disponível nas medidas: 12 x 24 cm; 19 x 38 cm; 24 x 48 cm;

Material: PVC Fotoluminescente","Rota de fuga; direita, fotoluminescente; sentido; direita;",,"2014-10-20 00:00:00",,,,,,"912.0000","0.0000",1,0,0,1,"1.0000",1,"1000.0000",0,1,,"0.0000",1,1,1,0,1,"0.0000",1,0,0,0,1,"Placa Fotoluminescente Rota de Fuga - Sentido à Direita - PF036",0,"simple",,,"Nenhuma atualização de disposição (layout)","Bloco após Coluna de Informações","Use config","Use config","Não",6,"Ativado","Nenhum","","","","","","",""
"admin","base","Default","simple","2,351,356","PF040",0,"Placa Coleta Seletiva Plástico - PF040",,,"/e/n/PF040.jpg",,,"placa-coleta-seletiva-plastico-PF040","placa-coleta-seletiva-plastico-PF040.html",,"Não","8.0000","5.0000","0.3000",,,"Não","Catálogo, Busca","Placa Coleta Seletiva Plástico.

Sinalização para coleta seletiva e reciclagem de Material Plástico

Durabilidade: - Uso Interno: 24 meses; - Uso Externo: 12 meses

Disponível nas Medidas: 140 x 190 x 1 mm / 190 x 280 x 1 mm

Material: Chapa de Poliestirêno

Acompanhe Nosso Processo de Manutenções Certificado INMETRO
<iframe width=""425"" height=""349"" src=""http://www.youtube.com/embed/7yZC00Ujqdo?rel=0"" frameborder=""0"" allowfullscreen></iframe>","Placa Coleta Seletiva - Plástico.

Durabilidade: - Uso Interno: 24 meses; - Uso Externo: 12 meses

Disponível nas Medidas: 140 x 190 x 1 mm / 190 x 280 x 1 mm

Material: Chapa de Poliestirêno","placa; coleta;seletiva;plástico",,"2014-10-20 00:00:00",,,,,,"100.0000","0.0000",1,0,0,1,"1.0000",1,"0.0000",1,1,,"0.0000",1,0,1,0,1,"0.0000",1,0,0,0,1,"Placa Coleta Seletiva Plástico - PF040",0,"simple",,,"Nenhuma atualização de disposição (layout)","Bloco após Coluna de Informações","Use config","Use config","Não",6,"Ativado","Nenhum","","","","","","",""
"admin","base","Default","simple","2,353","PF043",0,"Placa - Sanitário para Deficiente Físico - PF043",,,"/e/n/PF043.jpg",,,"produto-299","produto-299.html",,"Não","8.0000","5.0000","0.3000",,,"Não","Catálogo, Busca","Placas fabricadas em Poliestireno para a indicação de para deficientes físicos.

Durabilidade: - Uso interno: 24 meses; - Uso Externo: 12 meses;

Medidas: 14 x 19 cm; 19 x 28 cm;

Material: Chapa de Poliestireno","Placas fabricadas em Poliestireno para a indicação de para deficientes físicos.

Durabilidade: - Uso interno: 24 meses; - Uso Externo: 12 meses;

Medidas: 19 x 14 cm; 28 x 19 cm;

Material: Chapa de Poliestireno","Placa; sanitário; deficiente físico;",,"2014-10-20 00:00:00",,,,,,"989.0000","0.0000",1,0,0,1,"1.0000",1,"1000.0000",0,1,,"0.0000",1,1,1,0,1,"0.0000",1,0,0,0,1,"Placa - Sanitário para Deficiente Físico - PF043",0,"simple",,,"Nenhuma atualização de disposição (layout)","Bloco após Coluna de Informações","Use config","Use config","Não",6,"Ativado","Nenhum","","","","","","",""
"admin","base","Default","simple","2,353","PF044",0,"Placa - Sanitário Feminino - PF044",,,"/e/n/PF044.jpg",,,"produto-298","produto-298.html",,"Não","8.0000","5.0000","0.3000",,,"Não","Catálogo, Busca","Placas fabricadas em Poliestireno para a indicação de sanitário feminino.

Durabilidade: - Uso interno: 24 meses; - Uso Externo: 12 meses;

Medidas: 19 x 14 cm; 28 x 19 cm;

Material: Chapa de Poliestireno","Placas fabricadas em Poliestireno para a indicação de sanitário feminino.

Durabilidade: - Uso interno: 24 meses; - Uso Externo: 12 meses;

Medidas: 14 x 19 cm; 19 x 28 cm;

Material: Chapa de Poliestireno","Placa; sanitário; feminino",,"2014-10-20 00:00:00",,,,,,"493.0000","0.0000",1,0,0,1,"1.0000",1,"1000.0000",0,1,,"0.0000",1,1,1,0,1,"0.0000",1,0,0,0,1,"Placa - Sanitário Feminino - PF044",0,"simple",,,"Nenhuma atualização de disposição (layout)","Bloco após Coluna de Informações","Use config","Use config","Não",6,"Ativado","Nenhum","","","","","","",""
"admin","base","Default","simple","2,353","PF045",0,"Placa Fotoluminescente Saída com Pictograma para Esquerda - Medida 19 x 19 cm - PF045",,,"/e/n/PF045.jpg",,,"produto-285","produto-285.html",,"Não","8.0000","5.0000","1.1000",,,"Não","Catálogo, Busca","Placas fotoluminescente com pictograma para a esquerda com identificação de rota de fuga.

Durabilidade: - Uso Interno: 24 meses; - Uso Externo: 12 meses;

Medida: 19 x 19 cm; 15 x 15 cm;

Material: PVC Fotoluminescente","Placas fotoluminescente com pictograma para a esquerda com identificação de rota de fuga.

Durabilidade: - Uso Interno: 24 meses; - Uso Externo: 12 meses;

Medida: 19 x 19 cm; 15 x 15 cm;

Material: PVC Fotoluminescente","placa, Saída, Pictograma, esquerda, fotoluminescente",,"2014-10-20 00:00:00",,,,,,"1001.0000","0.0000",1,0,0,1,"1.0000",1,"1000.0000",0,1,,"0.0000",1,1,1,0,1,"0.0000",1,0,0,0,1,"Placa Fotoluminescente Saída com Pictograma para Esquerda - Medida 19 x 19 cm - PF045",0,"simple",,,"Nenhuma atualização de disposição (layout)","Bloco após Coluna de Informações","Use config","Use config","Não",6,"Ativado","Nenhum","","","","","","",""
"admin","base","Default","simple","2,351,356","PF048",0,"Placa Coleta Seletiva Vidro - PF048",,,"/e/n/PF048.jpg",,,"placa-coleta-seletiva-vidro-PF048","placa-coleta-seletiva-vidro-PF048.html",,"Não","8.0000","5.0000","0.3000",,,"Não","Catálogo, Busca","Placa Coleta Seletiva - Vidro

Sinalização para coleta seletiva e reciclagem de Vidro.

Durabilidade: - Uso Interno: 24 meses; - Uso Externo: 12 meses

Disponíveis nas medidas: 140 x 190 mm / 190 x 280 mm

Material: Chapa de Poliestireno

Acompanhe Nosso Processo de Manutenções Certificado INMETRO
<iframe width=""425"" height=""349"" src=""http://www.youtube.com/embed/7yZC00Ujqdo?rel=0"" frameborder=""0"" allowfullscreen></iframe>","Placa Coleta Seletiva - Vidro.

Durabilidade: - Uso Interno: 24 meses; - Uso Externo: 12 meses

Disponíveis nas medidas: 140 x 190 mm / 190 x 280 mm

Material: Chapa de Poliestireno","placa; coleta;seletiva;vidro",,"2014-10-20 00:00:00",,,,,,"100.0000","0.0000",1,0,0,1,"1.0000",1,"0.0000",1,1,,"0.0000",1,0,1,0,1,"0.0000",1,0,0,0,1,"Placa Coleta Seletiva Vidro - PF048",0,"simple",,,"Nenhuma atualização de disposição (layout)","Bloco após Coluna de Informações","Use config","Use config","Não",6,"Ativado","Nenhum","","","","","","",""
"admin","base","Default","simple","2,353","PF049",0,"Placa Fotoluminescente Escada  Pressurizada - Medidas: 12 x 24 cm - PF049",,,"/e/n/PF049.jpg",,,"produto-286","produto-286.html",,"Não","8.0000","5.0000","0.3000",,,"Não","Catálogo, Busca","Placa Fotoluminescente indicativa de  ""Escada Pressurizada"".

Durabilidade: - Uso Interno: 24 meses; - Uso Externo: 12 meses;

Medidas: 12 x 24 cm

Material: PVC Fotoluminescente","Placa Fotoluminescente indicativa de  ""Escada Pressurizada"".

Durabilidade: - Uso Interno: 24 meses; - Uso Externo: 12 meses;

Medidas: 12 x 24 cm

Material: PVC Fotoluminescente","Placa; escada; pressurizada; pressurização;",,"2014-10-20 00:00:00",,,,,,"980.0000","0.0000",1,0,0,1,"1.0000",1,"1000.0000",0,1,,"0.0000",1,1,1,0,1,"0.0000",1,0,0,0,1,"Placa Fotoluminescente Escada  Pressurizada - Medidas: 12 x 24 cm - PF049",0,"simple",,,"Nenhuma atualização de disposição (layout)","Bloco após Coluna de Informações","Use config","Use config","Não",6,"Ativado","Nenhum","","","","","","",""
"admin","base","Default","simple","2,351,356","PF054",0,"Placa Coleta Seletiva Resíduo Orgânico - PF054",,,"/e/n/PF054.jpg",,,"placa-coleta-seletiva-residuo-organico-PF054","placa-coleta-seletiva-residuo-organico-PF054.html",,"Não","8.0000","5.0000","0.3000",,,"Não","Catálogo, Busca","Placa Coleta Seletiva Resíduo Orgânico .

Sinalização para coleta seletiva de Material Orgânico.

Durabilidade: - Uso Interno: 24 meses; - Uso Externo: 12 meses

Disponível nas Medidas: 140 x 190 x 1 mm / 190 x 280 x 1 mm

Material: Chapa de Poliestirêno

Acompanhe Nosso Processo de Manutenções Certificado INMETRO
<iframe width=""425"" height=""349"" src=""http://www.youtube.com/embed/7yZC00Ujqdo?rel=0"" frameborder=""0"" allowfullscreen></iframe>","Placa Coleta Seletiva - Resíduo Orgânico .

Durabilidade: - Uso Interno: 24 meses; - Uso Externo: 12 meses

Disponível nas Medidas: 140 x 190 x 1 mm / 190 x 280 x 1 mm

Material: Chapa de Poliestirêno","placa; coleta;seletiva; Resíduo Orgânico ",,"2014-10-20 00:00:00",,,,,,"100.0000","0.0000",1,0,0,1,"1.0000",1,"0.0000",1,1,,"0.0000",1,0,1,0,1,"0.0000",1,0,0,0,1,"Placa Coleta Seletiva Resíduo Orgânico - PF054",0,"simple",,,"Nenhuma atualização de disposição (layout)","Bloco após Coluna de Informações","Use config","Use config","Não",6,"Ativado","Nenhum","","","","","","",""
"admin","base","Default","simple","2,353","PF055",0,"Placa Fotoluminescente Escada Subindo à Esquerda - PF055",,,"/e/n/PF055.jpg",,,"produto-287","produto-287.html",,"Não","8.0000","5.0000","0.3000",,,"Não","Catálogo, Busca","Placas fotoluminescente para identificação de rotas de fugas através de escadaria de emergência.

Durabilidade: - Uso Interno: 24 meses; - Uso Externo: 12 meses;

Disponível nas medidas: 12 x 24 cm; 19 x 38 cm; 24 x 48 cm;

Material: PVC Fotoluminescente","Placas fotoluminescente para identificação de rotas de fugas através de escadaria de emergência.

Durabilidade: - Uso Interno: 24 meses; - Uso Externo: 12 meses;

Disponível nas medidas: 12 x 24 cm; 19 x 38 cm; 24 x 48 cm;

Material: PVC Fotoluminescente","placa, subindo, escada, subir, esquerda, fotoluminescente,",,"2014-10-20 00:00:00",,,,,,"982.0000","0.0000",1,0,0,1,"1.0000",1,"1000.0000",0,1,,"0.0000",1,1,1,0,1,"0.0000",1,0,0,0,1,"Placa Fotoluminescente Escada Subindo à Esquerda - PF055",0,"simple",,,"Nenhuma atualização de disposição (layout)","Bloco após Coluna de Informações","Use config","Use config","Não",6,"Ativado","Nenhum","","","","","","",""
"admin","base","Default","simple","2,353","PF056",0,"Placa Fotoluminescente Escada descendo à Esquerda - PF056",,,"/e/n/PF056.jpg",,,"produto-288","produto-288.html",,"Não","8.0000","5.0000","0.3000",,,"Não","Catálogo, Busca","Placas fotoluminescente para identificação de rotas de fugas através de escadaria de emergência.

Durabilidade: - Uso Interno: 24 meses; - Uso Externo: 12 meses;

Medidas: 12 x 24 cm; 19 x 38 cm; 24 x 48 cm;

Material: PVC Fotoluminescente","Placas fotoluminescente para identificação de rotas de fugas através de escadaria de emergência.

Durabilidade: - Uso Interno: 24 meses; - Uso Externo: 12 meses;

Medidas: 12 x 24 cm; 19 x 38 cm; 24 x 48 cm;

Material: PVC Fotoluminescente","placa, escada, descendo, descida, esquerda, fotoluminescente,",,"2014-10-20 00:00:00",,,,,,"947.0000","0.0000",1,0,0,1,"1.0000",1,"1000.0000",0,1,,"0.0000",1,1,1,0,1,"0.0000",1,0,0,0,1,"Placa Fotoluminescente Escada descendo à Esquerda - PF056",0,"simple",,,"Nenhuma atualização de disposição (layout)","Bloco após Coluna de Informações","Use config","Use config","Não",6,"Ativado","Nenhum","","","","","","",""
"admin","base","Default","simple","2,353","PF057",0,"Placa Fotoluminescente Escada Descendo à Direita - PF057",,,"/e/n/PF057.jpg",,,"produto-289","produto-289.html",,"Não","8.0000","5.0000","0.3000",,,"Não","Catálogo, Busca","Placas fotoluminescente para identificação de rotas de fugas através de escadaria de emergência.

Durabilidade: - Uso Interno: 24 meses; - Uso Externo: 12 meses;

Medidas: 12 x 24 cm; 19 x 38 cm; 24 x 48 cm;

Material: PVC Fotoluminescente","Placas fotoluminescente para identificação de rotas de fugas através de escadaria de emergência.

Durabilidade: - Uso Interno: 24 meses; - Uso Externo: 12 meses;

Medidas: 12 x 24 cm; 19 x 38 cm; 24 x 48 cm;

Material: PVC Fotoluminescente","placa, fotoluminescente, escada, descida, descendo, direita,",,"2014-10-20 00:00:00",,,,,,"936.0000","0.0000",1,0,0,1,"1.0000",1,"1000.0000",0,1,,"0.0000",1,1,1,0,1,"0.0000",1,0,0,0,1,"Placa Fotoluminescente Escada Descendo à Direita - PF057",0,"simple",,,"Nenhuma atualização de disposição (layout)","Bloco após Coluna de Informações","Use config","Use config","Não",6,"Ativado","Nenhum","","","","","","",""
"admin","base","Default","simple","2,353","PF058",0,"Placa Fotoluminescente Rota de Fuga - Sentido à Esquerda - PF058",,,"/e/n/PF058.jpg",,,"produto-290","produto-290.html",,"Não","8.0000","5.0000","0.3000",,,"Não","Catálogo, Busca","Placas fotoluminescente para identificação de rotas de fuga.

Durabilidade: - Uso Interno: 24 meses; - Uso Externo: 12 meses;

Disponível nas medidas: 12 x 24 cm; 19 x 38 cm;  24 x 48 cm;

Material: PVC Fotoluminescente","Placas fotoluminescente para identificação de rotas de fuga.

Durabilidade: - Uso Interno: 24 meses; - Uso Externo: 12 meses;

Disponível nas medidas: 12 x 24 cm; 19 x 38 cm;  24 x 48 cm;

Material: PVC Fotoluminescente","Rota de fuga; esquerda;  fotoluminescente; saída; sentido; placa",,"2014-10-20 00:00:00",,,,,,"922.0000","0.0000",1,0,0,1,"1.0000",1,"1000.0000",0,1,,"0.0000",1,1,1,0,1,"0.0000",1,0,0,0,1,"Placa Fotoluminescente Rota de Fuga - Sentido à Esquerda - PF058",0,"simple",,,"Nenhuma atualização de disposição (layout)","Bloco após Coluna de Informações","Use config","Use config","Não",6,"Ativado","Nenhum","","","","","","",""
"admin","base","Default","simple","2,353","PF059",0,"Placa Fotoluminescente Saída à Direita para Portadores de Deficiência - PF059",,,"/e/n/PF059.jpg",,,"produto-291","produto-291.html",,"Não","8.0000","5.0000","0.3000",,,"Não","Catálogo, Busca","Placas fotoluminescente para identificação de rotas de fuga para portadores de deficiência.

Durabilidade: - Uso Interno: 24 meses; - Uso Externo: 12 meses;

Disponível nas medidas: 12 x 24 cm;  19 x 38 cm; 24 x 48 cm;

Material: PVC Fotoluminescente","Placas fotoluminescente para identificação de rotas de fuga para portadores de deficiência.

Durabilidade: - Uso Interno: 24 meses; - Uso Externo: 12 meses;

Disponível nas medidas: 12 x 24 cm;  19 x 38 cm; 24 x 48 cm;

Material: PVC Fotoluminescente","Placa; portadores; deficiência física; fotoluminescente; saída;
",,"2014-10-20 00:00:00",,,,,,"989.0000","0.0000",1,0,0,1,"1.0000",1,"1000.0000",0,1,,"0.0000",1,1,1,0,1,"0.0000",1,0,0,0,1,"Placa Fotoluminescente Saída à Direita para Portadores de Deficiência - PF059",0,"simple",,,"Nenhuma atualização de disposição (layout)","Bloco após Coluna de Informações","Use config","Use config","Não",6,"Ativado","Nenhum","","","","","","",""
"admin","base","Default","simple","2,353","PF060",0,"Placa Fotoluminescente Saída à Esquerda para Portadores de Deficiência - PF060",,,"/e/n/PF060.jpg",,,"produto-292","produto-292.html",,"Não","8.0000","5.0000","0.3000",,,"Não","Catálogo, Busca","Placas fotoluminescente para identificação de rotas de fuga para portadores de deficiência.

Durabilidade: - Uso Interno: 24 meses; - Uso Externo: 12 meses;

Disponível nas medida: 12 x 24 cm; 19 x 38 cm; 24 x 48 cm;

Material: PVC Fotoluminescente","Placas fotoluminescente para identificação de rotas de fuga para portadores de deficiência.

Durabilidade: - Uso Interno: 24 meses; - Uso Externo: 12 meses;

Disponível nas medida: 12 x 24 cm; 19 x 38 cm; 24 x 48 cm;

Material: PVC Fotoluminescente","Placa; deficiente físico, fotoluminescente; sentido; esquerda; saída",,"2014-10-20 00:00:00",,,,,,"991.0000","0.0000",1,0,0,1,"1.0000",1,"1000.0000",0,1,,"0.0000",1,1,1,0,1,"0.0000",1,0,0,0,1,"Placa Fotoluminescente Saída à Esquerda para Portadores de Deficiência - PF060",0,"simple",,,"Nenhuma atualização de disposição (layout)","Bloco após Coluna de Informações","Use config","Use config","Não",6,"Ativado","Nenhum","","","","","","",""
"admin","base","Default","simple","2,352","PF062",0,"Placa Fotoluminescente Extintor sobre Rodas - PF062",,,"/e/n/PF062.jpg",,,"produto-293","produto-293.html",,"Não","8.0000","5.0000","0.3000",,,"Não","Catálogo, Busca","Placa fotoluminescente para identificação de extintores de incêndio sobre rodas.

Durabilidade: - Uso Interno: 24 meses; - Uso Externo: 12 meses.

Medidas: 19 x 19 cm; 30 x 30 cm

Material: PVC Fotoluminescente","Placa fotoluminescente para identificação de extintores de incêndio sobre rodas.

Durabilidade: - Uso Interno: 24 meses; - Uso Externo: 12 meses.

Medidas: 19 x 19 cm; 30 x 30 cm

Material: PVC Fotoluminescente","Placa; extintor; sobre rodas; carreta; 19x19cm; 30 x 30 cm;",,"2014-10-20 00:00:00",,,,,,"1000.0000","0.0000",1,0,0,1,"1.0000",1,"1000.0000",0,1,,"0.0000",1,1,1,0,1,"0.0000",1,0,0,0,1,"Placa Fotoluminescente Extintor sobre Rodas - PF062",0,"simple",,,"Nenhuma atualização de disposição (layout)","Bloco após Coluna de Informações","Use config","Use config","Não",6,"Ativado","Nenhum","","","","","","",""
"admin","base","Default","simple","2,354","PF063",0,"Placa Pictograma Cabine Elétrica - PF063",,,"/e/n/PF063.jpg",,,"produto-294","produto-294.html",,"Não","8.0000","5.0000","0.3000",,,"Não","Catálogo, Busca","Placa com pictograma de eletricidade para a identificação de cabine elétrica.

Durabilidade: - Uso Interno: 24 meses; - Uso externo: 12 meses;

Medidas: 14 x 19 cm; 19 x 28 cm;

Material: Chapa de Poliestireno","Placa com pictograma de eletricidade para a identificação de cabine elétrica.

Durabilidade: - Uso Interno: 24 meses; - Uso externo: 12 meses;

Medidas: 14 x 19 cm; 19 x 28 cm;

Material: Chapa de Poliestireno","Placa; cabine elétrica; advertência; pictograma; aviso",,"2014-10-20 00:00:00",,,,,,"1000.0000","0.0000",1,0,0,1,"1.0000",1,"1000.0000",0,1,,"0.0000",1,1,1,0,1,"0.0000",1,0,0,0,1,"Placa Pictograma Cabine Elétrica - PF063",0,"simple",,,"Nenhuma atualização de disposição (layout)","Bloco após Coluna de Informações","Use config","Use config","Não",6,"Ativado","Nenhum","","","","","","",""
"admin","base","Default","simple","2,354","PF065",0,"Placa Pictograma Quadro de Força - PF065",,,"/e/n/PF065.jpg",,,"produto-296","produto-296.html",,"Não","8.0000","5.0000","0.3000",,,"Não","Catálogo, Busca","Placa com pictograma para a sinalização de Quadro de Força.

Durabilidade: - Uso Interno: 24 meses; - Uso Externo: 12 meses;

Medidas: 14 x 19 cm; 19 x 28 cm;

Material: Chapa de Poliestireno","Placa com pictograma para a sinalização de Quadro de Força.

Durabilidade: - Uso Interno: 24 meses; - Uso Externo: 12 meses;

Medidas: 14 x 19 cm; 19 x 28 cm;

Material: Chapa de Poliestireno","Placa; advertência; sinalização; quadro de força;",,"2014-10-20 00:00:00",,,,,,"962.0000","0.0000",1,0,0,1,"1.0000",1,"1000.0000",0,1,,"0.0000",1,1,1,0,1,"0.0000",1,0,0,0,1,"Placa Pictograma Quadro de Força - PF065",0,"simple",,,"Nenhuma atualização de disposição (layout)","Bloco após Coluna de Informações","Use config","Use config","Não",6,"Ativado","Nenhum","","","","","","",""
"admin","base","Default","simple","2,354","PF069",0,"Placa Perigo Inflamável Não Fume - PF069",,,"/e/n/PF069.jpg",,,"produto-300","produto-300.html",,"Não","8.0000","5.0000","0.3000",,,"Não","Catálogo, Busca","Placa indicativa de perigo na área ou setor, e proibição com relação ao fumo na área.

Durabilidade: - Uso Interno: 24 meses; - Uso Externo: 12 meses;

Medidas: 14 x 19 cm; 19 x 28 cm; 28 x 44 cm;

Material: Chapa de Poliestireno","Placa indicativa de perigo na área ou setor, e proibição com relação ao fumo na área.

Durabilidade: - Uso Interno: 24 meses; - Uso Externo: 12 meses;

Medidas: 14 x 19 cm; 19 x 28 cm; 28 x 44 cm;

Material: Chapa de Poliestireno","Placa; perigo; inflamável; não fumo; proibição; proibido; fumar;",,"2014-10-20 00:00:00",,,,,,"982.0000","0.0000",1,0,0,1,"1.0000",1,"1000.0000",0,1,,"0.0000",1,1,1,0,1,"0.0000",1,0,0,0,1,"Placa Perigo Inflamável Não Fume - PF069",0,"simple",,,"Nenhuma atualização de disposição (layout)","Bloco após Coluna de Informações","Use config","Use config","Não",6,"Ativado","Nenhum","","","","","","",""
"admin","base","Default","simple","2,353","PF071",0,"Placa - Sanitário Masculino - PF071",,,"/e/n/PF071.jpg",,,"produto-297","produto-297.html",,"Não","8.0000","5.0000","0.3000",,,"Não","Catálogo, Busca","Placas fabricadas em Poliestireno para a indicação de sanitário masculino.

Durabilidade: - Uso interno: 24 meses; - Uso Externo: 12 meses;

Medidas: 19 x 14 cm; 28 x 19 cm;

Material: Chapa de Poliestireno","Placas fabricadas em Poliestireno para a indicação de sanitário masculino.

Durabilidade: - Uso interno: 24 meses; - Uso Externo: 12 meses;

Medidas: 19 x 14 cm; 28 x 19 cm;

Material: Chapa de Poliestireno","Placa; sanitário; masculino",,"2014-10-20 00:00:00",,,,,,"979.0000","0.0000",1,0,0,1,"1.0000",1,"1000.0000",0,1,,"0.0000",1,1,1,0,1,"0.0000",1,0,0,0,1,"Placa - Sanitário Masculino - PF071",0,"simple",,,"Nenhuma atualização de disposição (layout)","Bloco após Coluna de Informações","Use config","Use config","Não",6,"Ativado","Nenhum","","","","","","",""
"admin","base","Default","simple","2,353","PF075",0,"Placa Fotoluminescente Aperte / Empurre - PF075",,,"/e/n/PF075.jpg",,,"produto-305","produto-305.html",,"Não","8.0000","5.0000","0.3000",,,"Não","Catálogo, Busca","Placa indicativa fotoluminescente ""Aperte e Empurre"".

Durabilidade: - Uso Interno: 24 meses. - Uso Externo: 12 meses;

Medidas: 12 x 24 cm; 19 x 38 cm; 24 x 48 cm

Material: PVC Fotoluminescente","Placa indicativa fotoluminescente ""Aperte e Empurre"".

Durabilidade: - Uso Interno: 24 meses. - Uso Externo: 12 meses;

Medidas: 12 x 24 cm; 19 x 38 cm; 24 x 48 cm

Material: PVC Fotoluminescente","Placa; fotoluminescente;  aperte; empurre;",,"2014-10-20 00:00:00",,,,,,"987.0000","0.0000",1,0,0,1,"1.0000",1,"1000.0000",0,1,,"0.0000",1,1,1,0,1,"0.0000",1,0,0,0,1,"Placa Fotoluminescente Aperte / Empurre - PF075",0,"simple",,,"Nenhuma atualização de disposição (layout)","Bloco após Coluna de Informações","Use config","Use config","Não",6,"Ativado","Nenhum","","","","","","",""
"admin","base","Default","simple","2,351,352","PF076",0,"Placa Fotoluminecente Extintor Pó Quimico com seta p/ baixo 12X24CM - PF076",,,"/e/n/PF076.jpg",,,"placa-fotoluminecente-extintor-po-quimico-com-seta-p-baixo-12x24cm-PF076","placa-fotoluminecente-extintor-po-quimico-com-seta-p-baixo-12x24cm-PF076.html",,"Não","8.0000","5.0000","0.1000",,,"Não","Catálogo, Busca","Placa fotoluminescente para identificação de extintores de incêndio - Modelo PQS.

Durabilidade: - Uso Interno: 24 meses;  - Uso Externo: 12 meses;

Disponível nas medidas de: 12 x 24 cm

Material: PVC Fotoluminescente
","Placa fotoluminescente para identificação de extintores de incêndio - PQS.

Durabilidade: - Uso Interno: 24 meses;  - Uso Externo: 12 meses;

Disponível nas medidas de: 12 x 24 cm

Material: PVC Fotoluminescente
","placa; fotoluminescente; extintor; pó; PQS;",,"2014-10-20 00:00:00",,,,,,"0.0000","0.0000",1,0,0,1,"1.0000",1,"0.0000",1,0,"2014-11-17 20:50:09","0.0000",1,0,1,1,1,"0.0000",1,0,0,1,1,"Placa Fotoluminecente Extintor Pó Quimico com seta p/ baixo 12X24CM - PF076",0,"simple",,,"Nenhuma atualização de disposição (layout)","Bloco após Coluna de Informações","Use config","Use config","Não",6,"Ativado","Nenhum","","","","","","",""
"admin","base","Default","simple","2,353","PF078",0,"Placa Fotoluminescente Saída - Homem Seta à Direita - PF078",,,"/e/n/PF078.jpg",,,"produto-307","produto-307.html",,"Não","8.0000","5.0000","0.3000",,,"Não","Catálogo, Busca","Placas fotoluminescente para identificação de saída.

Durabilidade: - Uso Interno: 24 meses; - Uso Externo: 12 meses;

Disponível nas medidas: 12 x 24cm; 19 x 38 m; 24 x 48 cm;

Material: PVC Fotoluminescente","Placas fotoluminescente para identificação de saída.

Durabilidade: - Uso Interno: 24 meses; - Uso Externo: 12 meses;

Disponível nas medidas: 12 x 24cm; 19 x 38 m; 24 x 48 cm;

Material: PVC Fotoluminescente","Saída; placa; homem; seta; direita; fotoluminescente",,"2014-10-20 00:00:00",,,,,,"894.0000","0.0000",1,0,0,1,"1.0000",1,"1000.0000",0,1,,"0.0000",1,1,1,0,1,"0.0000",1,0,0,0,1,"Placa Fotoluminescente Saída - Homem Seta à Direita - PF078",0,"simple",,,"Nenhuma atualização de disposição (layout)","Bloco após Coluna de Informações","Use config","Use config","Não",6,"Ativado","Nenhum","","","","","","",""
"admin","base","Default","simple","2,353","PF079",0,"Placa Fotoluminescente Saída - Homem Seta à Esquerda - PF079",,,"/e/n/PF079.jpg",,,"produto-308","produto-308.html",,"Não","8.0000","5.0000","0.3000",,,"Não","Catálogo, Busca","Placas fotoluminescente para identificação de saída.

Durabilidade: - Uso Interno: 24 meses; - Uso Externo: 12 meses;

Disponível nas medida: 12 x 24 cm; 19 x 38 cm;  24 x 48 cm;

Material: PVC Fotoluminescente","Placas fotoluminescente para identificação de saída.

Durabilidade: - Uso Interno: 24 meses; - Uso Externo: 12 meses;

Disponível nas medida: 12 x 24 cm; 19 x 38 cm;  24 x 48 cm;

Material: PVC Fotoluminescente","Placa; saída; homem; seta à esquerda; fotoluminescente",,"2014-10-20 00:00:00",,,,,,"878.0000","0.0000",1,0,0,1,"1.0000",1,"1000.0000",0,1,,"0.0000",1,1,1,0,1,"0.0000",1,0,0,0,1,"Placa Fotoluminescente Saída - Homem Seta à Esquerda - PF079",0,"simple",,,"Nenhuma atualização de disposição (layout)","Bloco após Coluna de Informações","Use config","Use config","Não",6,"Ativado","Nenhum","","","","","","",""
"admin","base","Default","simple","2,352","PF080",0,"Placa Fotoluminescente Hidrante (H) - PF080",,,"/e/n/PF080.jpg",,,"produto-309","produto-309.html",,"Não","8.0000","5.0000","0.3000",,,"Não","Catálogo, Busca","Placas fotoluminescente de identificação de Hidrante.

Durabilidade: - Uso interno: 24 meses; - Uso Externo: 12 meses;

Disponíveis nas medidas: 19 x 19 cm; 30 x 30 cm

Material: PVC Fotoluminescente
","Placas fotoluminescente de identificação de Hidrante.

Durabilidade: - Uso interno: 24 meses; - Uso Externo: 12 meses;

Disponíveis nas medidas: 19 x 19 cm; 30 x 30 cm

Material: PVC Fotoluminescente","placa; fotoluminescente; hidrante;",,"2014-10-20 00:00:00",,,,,,"999.0000","0.0000",1,0,0,1,"1.0000",1,"1000.0000",0,1,,"0.0000",1,1,1,0,1,"0.0000",1,0,0,0,1,"Placa Fotoluminescente Hidrante (H) - PF080",0,"simple",,,"Nenhuma atualização de disposição (layout)","Bloco após Coluna de Informações","Use config","Use config","Não",6,"Ativado","Nenhum","","","","","","",""
"admin","base","Default","simple","2,354","PF081",0,"Placa Perigo Líquido Inflamável - PF081",,,"/e/n/PF081.jpg",,,"produto-310","produto-310.html",,"Não","8.0000","5.0000","0.3000",,,"Não","Catálogo, Busca","Placa indicativa de líquido Inflamável.

Durabilidade: - Uso Interno: 24 meses; - Uso Externo: 12 meses;

Medidas:14 x 19 cm; 19 x 28 cm; 28 x 44 cm;

Material: Chapa de Poliestireno","Placa indicativa de líquido Inflamável.

Durabilidade: - Uso Interno: 24 meses; - Uso Externo: 12 meses;

Medidas:14 x 19 cm; 19 x 28 cm; 28 x 44 cm;

Material: Chapa de Poliestireno","Placa, perigo, líquido, inflamável,",,"2014-10-20 00:00:00",,,,,,"1000.0000","0.0000",1,0,0,1,"1.0000",1,"1000.0000",0,1,,"0.0000",1,1,1,0,1,"0.0000",1,0,0,0,1,"Placa Perigo Líquido Inflamável - PF081",0,"simple",,,"Nenhuma atualização de disposição (layout)","Bloco após Coluna de Informações","Use config","Use config","Não",6,"Ativado","Nenhum","","","","","","",""
"admin","base","Default","simple","2,351,354","PF083",0,"Placa Cuidado - Risco de Choque Elétrico - PF083",,,"/e/n/PF083.jpg",,,"placa-cuidado-risco-de-choque-eletrico-PF083","placa-cuidado-risco-de-choque-eletrico-PF083.html",,"Não","18.0000","12.0000","0.3000",,,"Não","Catálogo, Busca","Placa Cuidado -  Risco de Choque Elétrico 

Durabilidade: - Uso Interno: 24 meses; Uso Externo: 12 meses;

Disponível nas medidas:14 x 19 cm; 19 x 19 cm; 

Material: Chapa de Poliestireno

Acompanhe Nosso Processo de Manutenções Certificado INMETRO
<iframe width=""425"" height=""349"" src=""http://www.youtube.com/embed/7yZC00Ujqdo?rel=0"" frameborder=""0"" allowfullscreen></iframe>","Placa Cuidado -  Risco de Choque Elétrico 

Durabilidade: - Uso Interno: 24 meses; Uso Externo: 12 meses;

Disponível nas medidas:14 x 19 cm; 19 x 19 cm; 

Material: Chapa de Poliestireno","placa, cuidado, risco, choque, eletrico, eletricidade, ",,"2014-10-20 00:00:00",,,,,,"100.0000","0.0000",1,0,0,1,"1.0000",1,"0.0000",1,1,,"0.0000",1,0,1,0,1,"0.0000",1,0,0,0,1,"Placa Cuidado - Risco de Choque Elétrico - PF083",0,"simple",,,"Nenhuma atualização de disposição (layout)","Bloco após Coluna de Informações","Use config","Use config","Não",6,"Ativado","Nenhum","","","","","","",""
"admin","base","Default","simple","2,353","PF087",0,"Placa Fotoluminescente Rota de Fuga - Diagonal Superior à Esquerda - PF087",,,"/e/n/PF087.jpg",,,"produto-301","produto-301.html",,"Não","8.0000","5.0000","0.3000",,,"Não","Catálogo, Busca","Placas fotoluminescente para identificação de rotas de fuga.

Durabilidade: - Uso Interno: 24 meses; - Uso Externo: 12 meses;

Disponível nas medidas: 12 x 24 cm; 19 x 38 cm; 24 x 48 cm;

Material: PVC Fotoluminescente","Placas fotoluminescente para identificação de rotas de fuga.

Durabilidade: - Uso Interno: 24 meses; - Uso Externo: 12 meses;

Disponível nas medidas: 12 x 24 cm; 19 x 38 cm; 24 x 48 cm;

Material: PVC Fotoluminescente","Rota de fuga; Diagonal; esquerda; Fotoluminescente",,"2014-10-20 00:00:00",,,,,,"990.0000","0.0000",1,0,0,1,"1.0000",1,"1000.0000",0,1,,"0.0000",1,1,1,0,1,"0.0000",1,0,0,0,1,"Placa Fotoluminescente Rota de Fuga - Diagonal Superior à Esquerda - PF087",0,"simple",,,"Nenhuma atualização de disposição (layout)","Bloco após Coluna de Informações","Use config","Use config","Não",6,"Ativado","Nenhum","","","","","","",""
"admin","base","Default","simple","2,351,354","PF091",0,"Placa Cuidado - Risco de Incêndio - PF091",,,"/e/n/PF091.jpg",,,"placa-cuidado-risco-de-choque-eletrico-PF083","placa-cuidado-risco-de-choque-eletrico-PF083-1665.html",,"Não","18.0000","12.0000","0.3000",,,"Não","Catálogo, Busca","Placa Cuidado - Risco de Incêndio

Durabilidade: - Uso Interno: 24 meses; Uso Externo: 12 meses;

Disponível nas medidas:14 x 19 cm; 19 x 19 cm; 

Material: Chapa de Poliestireno

Acompanhe Nosso Processo de Manutenções Certificado INMETRO
<iframe width=""425"" height=""349"" src=""http://www.youtube.com/embed/7yZC00Ujqdo?rel=0"" frameborder=""0"" allowfullscreen></iframe>","Placa Cuidado - Risco de Incêndio

Durabilidade: - Uso Interno: 24 meses; Uso Externo: 12 meses;

Disponível nas medidas:14 x 19 cm; 19 x 19 cm; 

Material: Chapa de Poliestireno","Placa; cuidado; risco; incendio; fogo; chama; ",,"2014-10-20 00:00:00",,,,,,"100.0000","0.0000",1,0,0,1,"1.0000",1,"0.0000",1,1,,"0.0000",1,0,1,0,1,"0.0000",1,0,0,0,1,"Placa Cuidado - Risco de Incêndio - PF091",0,"simple",,,"Nenhuma atualização de disposição (layout)","Bloco após Coluna de Informações","Use config","Use config","Não",6,"Ativado","Nenhum","","","","","","",""
"admin","base","Default","simple","2,351,353","PF092",0,"Placa Fotoluminescente Garagem - Medida 12 x 24 CM - PF092",,,"/e/n/PF092.jpg",,,"produto-286","produto-15430.html",,"Não","8.0000","5.0000","0.5000",,,"Não","Catálogo, Busca","Placa Fotoluminescente indicativa de  ""Garagem"".

Durabilidade: - Uso Interno: 24 meses; - Uso Externo: 12 meses;

Medidas: 12 x 24 cm

Material: PVC Fotoluminescente

Acompanhe Nosso Processo de Manutenções Certificado INMETRO
<iframe width=""425"" height=""349"" src=""http://www.youtube.com/embed/7yZC00Ujqdo?rel=0"" frameborder=""0"" allowfullscreen></iframe>","Placa Fotoluminescente indicativa de  ""Garagem"".

Durabilidade: - Uso Interno: 24 meses; - Uso Externo: 12 meses;

Medidas: 24 x 12 cm

Material: PVC Fotoluminescente","Placa, garagem, fotoluminescente,",,"2014-10-20 00:00:00",,,,,,"96.0000","0.0000",1,0,0,1,"1.0000",1,"0.0000",1,1,,"0.0000",1,0,1,0,1,"0.0000",1,0,0,0,1,"Placa Fotoluminescente Garagem - Medida 12 x 24 CM - PF092",0,"simple",,,"Nenhuma atualização de disposição (layout)","Bloco após Coluna de Informações","Use config","Use config","Não",6,"Ativado","Nenhum","","","","","","",""
"admin","base","Default","simple","2,351,353","PF096",0,"Placa Fotoluminescente Escada em Leque - Medida 24x12 cm - PF096",,,"/e/n/PF096.jpg",,,"produto-286","produto-15429.html",,"Não","8.0000","5.0000","1.1000",,,"Não","Catálogo, Busca","Placa Fotoluminescente indicativa de  ""Escada em Leque"".

Durabilidade: - Uso Interno: 24 meses; - Uso Externo: 12 meses;

Medidas: 24 x 12 cm

Material: PVC Fotoluminescente

Acompanhe Nosso Processo de Manutenções Certificado INMETRO
<iframe width=""425"" height=""349"" src=""http://www.youtube.com/embed/7yZC00Ujqdo?rel=0"" frameborder=""0"" allowfullscreen></iframe>","Placa Fotoluminescente indicativa de  ""Escada em Leque"".

Durabilidade: - Uso Interno: 24 meses; - Uso Externo: 12 meses;

Medidas: 24 x 12 cm

Material: PVC Fotoluminescente","Placa; leque;escada; fotoluminescente;",,"2014-10-20 00:00:00",,,,,,"93.0000","0.0000",1,0,0,1,"1.0000",1,"0.0000",1,1,,"0.0000",1,0,1,0,1,"0.0000",1,0,0,0,1,"Placa Fotoluminescente Escada em Leque - Medida 24x12 cm - PF096",0,"simple",,,"Nenhuma atualização de disposição (layout)","Bloco após Coluna de Informações","Use config","Use config","Não",6,"Ativado","Nenhum","","","","","","",""
"admin","base","Default","simple","2,353","PF097",0,"Placa Fotoluminescente Rota de fuga - Diagonal Inferior à Direita - PF097",,,"/e/n/PF097.jpg",,,"produto-283","produto-283.html",,"Não","8.0000","5.0000","0.3000",,,"Não","Catálogo, Busca","Placas fotoluminescente para identificação de rotas de fuga.

Durabilidade: - Uso Interno: 24 meses; - Uso Externo: 12 meses;

Medidas: 12 x 24 cm; 19 x 38 cm; 24 x 48 cm;

Material: PVC Fotoluminescente","Placas fotoluminescente para identificação de rotas de fuga.

Durabilidade: - Uso Interno: 24 meses; - Uso Externo: 12 meses;

Medidas: 12 x 24 cm; 19 x 38 cm; 24 x 48 cm;

Material: PVC Fotoluminescente","placa; fotoluminescente; rota de fuga;",,"2014-10-20 00:00:00",,,,,,"993.0000","0.0000",1,0,0,1,"1.0000",1,"1000.0000",0,1,,"0.0000",1,1,1,0,1,"0.0000",1,0,0,0,1,"Placa Fotoluminescente Rota de fuga - Diagonal Inferior à Direita - PF097",0,"simple",,,"Nenhuma atualização de disposição (layout)","Bloco após Coluna de Informações","Use config","Use config","Não",6,"Ativado","Nenhum","","","","","","",""
